Username; Identifier;First name;Last name
booker12;9012;Rachel;Booker
grey07;2070;Laura;Grey
johnson81;4081;Craig;Johnson
jenkins46;9346;Mary;Jenkins
smith79;5079;Jamie;Smith
booker12;9012;Rachel;Booker
grey07;2070;Laura;Grey
johnson81;4081;Craig;Johnson
jenkins46;9346;Mary;Jenkins
smitvfh79;5079;Jamie;Smith
bookfder12;9012;Rachel;Booker
greyfvd07;2070;Laura;Grey
johnsfvdon81;4081;Craig;Johnson
jenkfvdins46;9346;Mary;Jenkins
smidfvth79;5079;Jamie;Smith
boodfvker12;9012;Rachel;Booker
gredvfy07;2070;Laura;Grey
johndvfson81;4081;Craig;Johnson
jenkvdins46;9346;Mary;Jenkins
smitvdfh79;5079;Jamie;Smith